[
  {
    "id": 1,
    "title": "newsPage.firstNews.title",
    "date": "27/06/2025 15h46",
    "description": "newsPage.firstNews.description",
    "image": "https://www.utfpr.edu.br/noticias/geral/utfpr-firma-parceria-de-r-39-milhoes-com-petrolifera-chinesa-para-pesquisa-tecnologica/@@images/image",
    "link": "https://www.utfpr.edu.br/noticias/geral/utfpr-firma-parceria-de-r-39-milhoes-com-petrolifera-chinesa-para-pesquisa-tecnologica"
  },
  {
    "id": 2,
    "title": "newsPage.secondNews.title",
    "date": "27/06/2025 13h03",
    "description": "newsPage.secondNews.description",
    "image": "https://www.utfpr.edu.br/noticias/geral/cerimonia-de-posse-da-vice-reitoria-sera-na-proxima-segunda-30/@@images/image",
    "link": "https://www.utfpr.edu.br/noticias/geral/cerimonia-de-posse-da-vice-reitoria-sera-na-proxima-segunda-30"
  },
  {
    "id": 3,
    "title": "newsPage.thirdNews.title",
    "date": "27/06/2025 11h28",
    "description": "newsPage.thirdNews.description",
    "image": "https://www.utfpr.edu.br/noticias/geral/servidores/nota-de-pesar-jose-sollak/@@images/image",
    "link": "https://www.utfpr.edu.br/noticias/geral/servidores/nota-de-pesar-jose-sollak"
  },
  {
    "id": 4,
    "title": "newsPage.fourthNews.title",
    "date": "27/06/2025 10h51",
    "description": "newsPage.fourthNews.description",
    "image": "https://www.utfpr.edu.br/noticias/geral/divulgacao-cientifica/pesquisador-integra-grupo-de-cientistas-a-usar-o-maior-telescopio-do-mundo/@@images/image",
    "link": "https://www.utfpr.edu.br/noticias/geral/divulgacao-cientifica/pesquisador-integra-grupo-de-cientistas-a-usar-o-maior-telescopio-do-mundo"
  },
  {
    "id": 5,
    "title": "newsPage.fifthNews.title",
    "date": "25/06/2025 13h50",
    "description": "newsPage.fifthNews.description",
    "image": "https://www.utfpr.edu.br/noticias/geral/divulgacao-cientifica/pesquisa-revela-que-producao-ecologica-e-a-mais-rentavel-para-agricultura-familiar/@@images/image",
    "link": "https://www.utfpr.edu.br/noticias/geral/divulgacao-cientifica/pesquisa-revela-que-producao-ecologica-e-a-mais-rentavel-para-agricultura-familiar"
  },
  {
    "id": 6,
    "title": "newsPage.sixtiethNews.title",
    "date": "25/06/2025 10h02",
    "description": "newsPage.sixtiethNews.description",
    "image": "https://www.utfpr.edu.br/noticias/geral/servidores/proppg-lanca-edital-inedito-para-registro-de-bolsas-externas-de-iniciacao-cientifica-e-tecnologica/@@images/image",
    "link": "https://www.utfpr.edu.br/noticias/geral/servidores/proppg-lanca-edital-inedito-para-registro-de-bolsas-externas-de-iniciacao-cientifica-e-tecnologica"
  }
]